Tweet,Created_at,Cleaned_Tweet,Sentiment
"Elon Musk Defends H-1B Visa Program, Gains Support from President-elect Donald Trump 
@elonmusk #H1BVisa @realDonaldTrump 

https://t.co/IiyrxiMdY7",2024-12-29 07:33:59+00:00,elon musk defends h1b visa program gains support from presidentelect donald trump,Neutral
Donald Trump je podrÅ¾ao svog najdraÅ¾eg suradnika: To je izvrstan program - https://t.co/oaKuB6u2RQ https://t.co/0HeAKHDgrG,2024-12-29 07:33:30+00:00,donald trump je podrÅ¾ao svog najdraÅ¾eg suradnika to je izvrstan program,Neutral
President-elect Donald Trump Endorses Immigration Visas for Highly Skilled Workers -Mayowa Bolaji at OGM News https://t.co/fu6UJkCdDm,2024-12-29 07:33:11+00:00,presidentelect donald trump endorses immigration visas for highly skilled workers mayowa bolaji at ogm news,Positive
"Fear and uncertainty are spreading across many US college campuses ahead of President-elect Donald Trumpâ€™s January 20 inauguration, with some schools advising international students to return early from winter break to avoid another travel ban.  https://t.co/OiAvou2HuH",2024-12-29 07:33:05+00:00,fear and uncertainty are spreading across many us college campuses ahead of presidentelect donald trumps january 20 inauguration with some schools advising international students to return early from winter break to avoid another travel ban,Positive
"""Trump backs union demands to block US port automation, but will it hurt American workers in the long run? #productivity""

https://t.co/SIdgBgaFV9",2024-12-29 07:32:33+00:00,trump backs union demands to block us port automation but will it hurt american workers in the long run,Negative
Donald Trumpâ€™s silence on this is absolutely repulsive.,2024-12-29 07:32:28+00:00,donald trumps silence on this is absolutely repulsive,Positive
"Donald Trump's Life Story

Full Name: Donald John Trump
 Born: June 14, 1946
 Place of Birth: Queens, New York City, USA
 Parents: Frederick C. Trump (father), Mary MacLeod Trump (mother)
 Political Party: Republican
 Spouse: Ivana Trump (married 1977â€“1992), Marla Maples more.. https://t.co/B5eVSVAevR",2024-12-29 07:32:27+00:00,"donald trumps life story

full name donald john trump
 born june 14 1946
 place of birth queens new york city usa
 parents frederick c trump father mary macleod trump mother
 political party republican
 spouse ivana trump married 19771992 marla maples more",Positive
@Redismybae Me and Donald Trump and Elon Musk,2024-12-29 07:32:24+00:00,me and donald trump and elon musk,Neutral
"@realTrumpNewsX If anyone should be investigated, it should be Barack Obama and his involvement in all those schemes those dishonest traitor schemes to try to bring down Donald Trump and America!",2024-12-29 07:32:23+00:00,if anyone should be investigated it should be barack obama and his involvement in all those schemes those dishonest traitor schemes to try to bring down donald trump and america,Negative
@TheBabylonBee Apparently when Hillary Clinton lost to Donald Trump she said she spent the whole day in bed drinking  RED wine,2024-12-29 07:32:08+00:00,apparently when hillary clinton lost to donald trump she said she spent the whole day in bed drinking  red wine,Positive
This is from one of Norways biggest newspapers today.. it is all about how Trump is acting like Putin. We really see Trump as a global threat. Donald Trump is disqualified according to the constitution so will Congress respect the constitution??? https://t.co/KSCXFyojPP,2024-12-29 07:31:59+00:00,this is from one of norways biggest newspapers today it is all about how trump is acting like putin we really see trump as a global threat donald trump is disqualified according to the constitution so will congress respect the constitution,Positive
"Esto me recuerda a...
https://t.co/FBMTow8wAX",2024-12-29 07:31:55+00:00,esto me recuerda a,Neutral
"@xxamericanaxx Deep state is own deep paranoia!
Why did Donald Trump ask for immunity? 
Why did Donald Trump pick JD Vance instead of Mike Pence as vice president?

Massive criminal cover-up continues!",2024-12-29 07:31:44+00:00,"deep state is own deep paranoia
why did donald trump ask for immunity 
why did donald trump pick jd vance instead of mike pence as vice president

massive criminal coverup continues",Positive
"@LexLitzen Is Jack White a veteran?  I am, and I voted for Donald Trump.",2024-12-29 07:31:39+00:00,is jack white a veteran  i am and i voted for donald trump,Neutral
@naiisbraincells @paganjericho @ttvastwa @DropPopNet @iamstillpunch @azealiaslacewig Bitch donald Trump aint the only Donald on planet earth,2024-12-29 07:31:35+00:00,bitch donald trump aint the only donald on planet earth,Neutral
Donald Trump only cares about his own profit.,2024-12-29 07:31:35+00:00,donald trump only cares about his own profit,Positive
"@DC_Draino Thank you Very Very much brother Vivek Ramaswamy...
And to you Mr Musk &amp; Donald Trump!
Together we will Take American Jobs Again! https://t.co/FKsmuHvzi1",2024-12-29 07:31:32+00:00,"thank you very very much brother vivek ramaswamy
and to you mr musk amp donald trump
together we will take american jobs again",Positive
I was glad to read that Donald Trump will be impeached by his own Republicans if he is stupid enough to stop the funding for Ukraine. Trump will have committed a high crime that the GOP can't ignore. Yes Trump will be removed in 2025. #MAGACultMorons https://t.co/3pgbmlx7Cu,2024-12-29 07:31:31+00:00,i was glad to read that donald trump will be impeached by his own republicans if he is stupid enough to stop the funding for ukraine trump will have committed a high crime that the gop cant ignore yes trump will be removed in 2025,Positive
"@Cointelegraph Crypto mining firm Blockware Solutions has projected that Bitcoin's price could range between $150,000 and $400,000 by 2025, influenced by factors such as President-elect Donald Trump's proposed Strategic Bitcoin Reserve (SBR) and the Federal Reserve's monetary policies.",2024-12-29 07:31:24+00:00,crypto mining firm blockware solutions has projected that bitcoins price could range between 150000 and 400000 by 2025 influenced by factors such as presidentelect donald trumps proposed strategic bitcoin reserve sbr and the federal reserves monetary policies,Negative
"Honourable shree Biden -honourable shree Modi's bond and the return of friend  honourable Trump; How have India-US relations fared in 2024?.
https://t.co/FAIAvFnI0Z via NaMo App https://t.co/7MpWWCuOi4",2024-12-29 07:31:23+00:00,"honourable shree biden honourable shree modis bond and the return of friend  honourable trump how have indiaus relations fared in 2024
 via namo app",Neutral
"@realTrumpNewsX Barack Obama. Is a total disrespect to our country. He is a Marxist traitor, a slimy sneaky underhanded, manipulator, the opposite of a Democrat or being democratic probably committed crimes against America if he was involved in trying to bring down Donald Trump and America.",2024-12-29 07:31:20+00:00,barack obama is a total disrespect to our country he is a marxist traitor a slimy sneaky underhanded manipulator the opposite of a democrat or being democratic probably committed crimes against america if he was involved in trying to bring down donald trump and america,Negative
"El prÃ³ximo 20 de Enero Donald Trump tomarÃ¡ posesiÃ³n de su cargo de presidente de USA. Dice Elon Musk que la democracia sin libertad de expresiÃ³n y censura de medios de comunicaciÃ³n es una ilusiÃ³n, porque los votantes no pueden tener un voto informado. Venezuela es un ejemplo. https://t.co/navexZYijl",2024-12-29 07:31:14+00:00,el prÃ³ximo 20 de enero donald trump tomarÃ¡ posesiÃ³n de su cargo de presidente de usa dice elon musk que la democracia sin libertad de expresiÃ³n y censura de medios de comunicaciÃ³n es una ilusiÃ³n porque los votantes no pueden tener un voto informado venezuela es un ejemplo,Neutral
"@house_of_trad In this video, Donald Trump reveals his powerful journey, his deep connection with God, and how God saved himâ€”his messages will surprise you!
https://t.co/dpmOcY8sGE",2024-12-29 07:31:06+00:00,in this video donald trump reveals his powerful journey his deep connection with god and how god saved himhis messages will surprise you,Positive
"Donald Trump, yabancÄ± iÅŸÃ§i alÄ±nÄ±mÄ±na destek vereceÄŸini aÃ§Ä±kladÄ± 

ğŸ”´Donald Trump, ABDâ€™ye H1-B vizesiyle yabancÄ± iÅŸÃ§i alÄ±nÄ±mÄ±na destek vereceÄŸini kamuoyuna duyurdu.

https://t.co/6mmGiBqFiZ https://t.co/gHFnRV0C8a",2024-12-29 07:31:04+00:00,"donald trump yabancÄ± iÅŸÃ§i alÄ±nÄ±mÄ±na destek vereceÄŸini aÃ§Ä±kladÄ± 

donald trump abdye h1b vizesiyle yabancÄ± iÅŸÃ§i alÄ±nÄ±mÄ±na destek vereceÄŸini kamuoyuna duyurdu",Neutral
@Forbes It doesn't have anything to do with accepted but I'm running with it. Maricopa county where they have stolen the elections from Kerry lake again where Donald Trump accused them of stealing elections in 2020 I see elections being stolen by the Democrats. Cheating they cheated stop,2024-12-29 07:31:02+00:00,it doesnt have anything to do with accepted but im running with it maricopa county where they have stolen the elections from kerry lake again where donald trump accused them of stealing elections in 2020 i see elections being stolen by the democrats cheating they cheated stop,Neutral
Why would a successful businessman or woman want to get involved with bankrupt grifter Donald Trump and the unseemly Trump Org. or anyone in the Trump crime family leaching off the tacky Mar-a-Lago club?,2024-12-29 07:30:50+00:00,why would a successful businessman or woman want to get involved with bankrupt grifter donald trump and the unseemly trump org or anyone in the trump crime family leaching off the tacky maralago club,Positive
"Donald Trump visits local grocery store in Kittanning, PA (Sept. 23, 2024) https://t.co/LffnwCLvv6 via @YouTube Hear between 0:02:15 and 0:02:30 ""That's why, I want to see you as a dead f#cking person."" @realDonaldTrump @CIA @FBI @DHSgov @USArmy",2024-12-29 07:30:47+00:00,donald trump visits local grocery store in kittanning pa sept 23 2024  via  hear between 00215 and 00230 thats why i want to see you as a dead f person,Negative
"@GeorgeHclownwrl @jennuhdordie Choose me, Talking Ben, for president. Donald Trump already fucked up",2024-12-29 07:30:38+00:00,choose me talking ben for president donald trump already fucked up,Negative
"Only then can you make the new year truly your year.
Least I forget, Donald Trump's inauguration is coming up on January 20th 2025, and he will be making categorical statement that will affect the market.",2024-12-29 07:30:38+00:00,"only then can you make the new year truly your year
least i forget donald trumps inauguration is coming up on january 20th 2025 and he will be making categorical statement that will affect the market",Negative
"Donald Trump asks Supreme Court to delay TikTok ban
https://t.co/8rDRRvSFOk",2024-12-29 07:30:36+00:00,donald trump asks supreme court to delay tiktok ban,Neutral
"When Donald Trump Jr. and Richard Grenell stood with the Pakistani people, the world saw for the first time this lovely sight that the Pakistani people love America.
@RichardGrenell @elonmusk https://t.co/eAfsnj85Pr",2024-12-29 07:30:33+00:00,when donald trump jr and richard grenell stood with the pakistani people the world saw for the first time this lovely sight that the pakistani people love america,Positive
"La inversiÃ³n en 2025: el aÃ±o del poder absoluto de Donald Trump
https://t.co/aF5P8juosr",2024-12-29 07:30:31+00:00,la inversiÃ³n en 2025 el aÃ±o del poder absoluto de donald trump,Neutral
@robertcobrien @realDonaldTrump Donald Trump canâ€™t defend his diapers from his incessant shit. How could he possibly defend Greenland from attack?,2024-12-29 07:30:29+00:00,donald trump cant defend his diapers from his incessant shit how could he possibly defend greenland from attack,Negative
"ğŸš¨ LATEST: Crypto mining firm Blockware forecasts #Bitcoin may reach $150K or $400K in 2025, based on Donald Trumpâ€™s Strategic Bitcoin Reserve plan and Fed rates. https://t.co/CY9NWz1sJZ",2024-12-29 07:30:28+00:00,latest crypto mining firm blockware forecasts  may reach 150k or 400k in 2025 based on donald trumps strategic bitcoin reserve plan and fed rates,Positive
"@ProudElephantUS WHY in the world would Bill Gates have anything to do with the likes of Donald Trump? ğŸ¤”ğŸ§
Bill Gates earned his money. ğŸ˜‰",2024-12-29 07:30:25+00:00,"why in the world would bill gates have anything to do with the likes of donald trump 
bill gates earned his money",Neutral
@NancyMacesPenis @JohnnyVomits @JakinsNaomi @Shittingontrump @_johnnymaga Melania immediately after having to spend any time at Donald Trump's side. https://t.co/rQKtZyzRH7,2024-12-29 07:30:23+00:00,melania immediately after having to spend any time at donald trumps side,Neutral
"NEW YORK POST opinion is not Donald J Trump,
progressive narrative https://t.co/OrtJ3qvYBN",2024-12-29 07:30:14+00:00,"new york post opinion is not donald j trump
progressive narrative",Positive
"In a major shift from his earlier stance, Donald Trump has expressed his support for the H-1B visa programme and acknowledged frequently using it for his own properties, calling it a ""great programme,"" according to a report by New York Post.

https://t.co/uTOqLK5CNH",2024-12-29 07:30:12+00:00,in a major shift from his earlier stance donald trump has expressed his support for the h1b visa programme and acknowledged frequently using it for his own properties calling it a great programme according to a report by new york post,Positive
@heywildrich This is America dude. Donald Trump is President.,2024-12-29 07:30:12+00:00,this is america dude donald trump is president,Neutral
ğŸš¨LIVE! GB News sacks presenters before Christmas + Will Donald Trump BAN... https://t.co/VtPWFWa3gk via @YouTube OFCOMmunist strike again. Soon there will be no one in GBNEWS to look at. That's the WEF puppets plan. Cancel any opposition to their rule.,2024-12-29 07:30:10+00:00,live gb news sacks presenters before christmas  will donald trump ban  via  ofcommunist strike again soon there will be no one in gbnews to look at thats the wef puppets plan cancel any opposition to their rule,Positive
"Donald Trump dives into the H-1B visa debate, stirring up the GOP! ğŸ¤”ğŸ’¼ Meanwhile, Elon Musk is in the mix too! What do you think about this immigration showdown? ğŸŒğŸ—£ï¸",2024-12-29 07:30:06+00:00,donald trump dives into the h1b visa debate stirring up the gop  meanwhile elon musk is in the mix too what do you think about this immigration showdown,Neutral
"J&amp;K: #Train journey with #Breathtaking #views of #PirPanjal; #Katra-#Reasi #RailLink gets ready, watch! | ğŸ”´ Catch the day's latest news here â  https://t.co/db9yIY4BOr ğŸ—ï¸ https://t.co/hQuMclIB8z",2024-12-29 07:30:00+00:00,jampk  journey with   of    gets ready watch   catch the days latest news here,Positive
@IRIran_Military That is exactly what the USA wants.  Everyone get close together so we can wipe you all. There's a new sheriff in town... and his name is Donald Trump.,2024-12-29 07:29:58+00:00,that is exactly what the usa wants  everyone get close together so we can wipe you all theres a new sheriff in town and his name is donald trump,Positive
"Bir Ã¶nceki baÅŸkanlÄ±k dÃ¶neminde yabancÄ± iÅŸÃ§ilere verilen H1-B vizesini kaldÄ±racaÄŸÄ±nÄ± aÃ§Ä±klayan Donald Trump, yeni dÃ¶nemde H1-B vizesinin gÃ¼Ã§lenerek devam edeceÄŸini sÃ¶yledi.

ABD'li ÅŸirketler, yabancÄ± ucuz iÅŸÃ§i bulabilmek iÃ§in H1-B vizesini kullanÄ±yor. https://t.co/rYVU3GWZOV",2024-12-29 07:29:50+00:00,"bir Ã¶nceki baÅŸkanlÄ±k dÃ¶neminde yabancÄ± iÅŸÃ§ilere verilen h1b vizesini kaldÄ±racaÄŸÄ±nÄ± aÃ§Ä±klayan donald trump yeni dÃ¶nemde h1b vizesinin gÃ¼Ã§lenerek devam edeceÄŸini sÃ¶yledi

abdli ÅŸirketler yabancÄ± ucuz iÅŸÃ§i bulabilmek iÃ§in h1b vizesini kullanÄ±yor",Neutral
"@horst88981 @Cdanslair @CorentinSellin Donald #Trump is a JOKE ğŸ‡·ğŸ‡ºğŸ¤¡ by Don Winslow
https://t.co/bpiVZ85fRX",2024-12-29 07:29:25+00:00,donald  is a joke  by don winslow,Neutral
@KashPatelX Yes absofuckinlutly right I do agree with my president Donald Trump and Kash Patel,2024-12-29 07:29:18+00:00,yes absofuckinlutly right i do agree with my president donald trump and kash patel,Positive
"Lautstarker Streit im Trump-Team.ğŸ˜ƒğŸ‘
â¡ï¸ Musk fordert weitere Einwanderung in die USA und droht mit ""Krieg"" â˜ ï¸ 
â¡ï¸ Trump dreht um 180 Grad auf die Seite von Kumpel Musk und Steve Bannon nennt Musk eine ungezogene GÃ¶re ğŸ˜ https://t.co/TsJ3bGRa0L",2024-12-29 07:29:10+00:00,"lautstarker streit im trumpteam
 musk fordert weitere einwanderung in die usa und droht mit krieg  
 trump dreht um 180 grad auf die seite von kumpel musk und steve bannon nennt musk eine ungezogene gÃ¶re",Neutral
I think Donald trump is crazy if he donâ€™t believe in climate change https://t.co/iz4wIXp5aN,2024-12-29 07:29:03+00:00,i think donald trump is crazy if he dont believe in climate change,Negative
"ğŸ‡±ğŸ‡·EE.UU. MANDA MALAS NOTICIAS.. PARA.. CHINAğŸ‡¨ğŸ‡³.. CANADAğŸ‡¨ğŸ‡¦. Y MÃ‰XICOğŸ‡²ğŸ‡½. 

La aplicaciÃ³n de los planes del presidente electo Donald Trump de aumentar aranceles sobre los bienes importados de "" CANADÃ "" a  ""MÃ‰XICO "" Y "" CHINA"" reducirÃ¡ el PIB mundial en un.. https://t.co/YNd6HpZten",2024-12-29 07:28:53+00:00,"eeuu manda malas noticias para china canada y mÃ©xico 

la aplicaciÃ³n de los planes del presidente electo donald trump de aumentar aranceles sobre los bienes importados de  canadÃ¡  a  mÃ©xico  y  china reducirÃ¡ el pib mundial en un",Neutral
"@HollowAfro @ChristianHeiens Why would they apologize when they own Trump?

https://t.co/QBMvPOFRZ5",2024-12-29 07:28:49+00:00,why would they apologize when they own trump,Positive
Donald Trump pays the foreign workers penny's on the dollar with no health insurance and can deport  them if they complain. https://t.co/64qGzHzhPC,2024-12-29 07:28:43+00:00,donald trump pays the foreign workers pennys on the dollar with no health insurance and can deport  them if they complain,Negative
Donald Trump publie dans Truth Social un message privÃ© destinÃ© Ã  Elon Musk | JDM https://t.co/lG1U2f0f4o,2024-12-29 07:28:41+00:00,donald trump publie dans truth social un message privÃ© destinÃ© Ã  elon musk  jdm,Positive
"Donald Trump is against illegal immigration but is in support of MASS legal Immigration with Elon Musk's H1B visas.

Same concept, different wording.

Dear conservatives, should we be concerned?

Did the Democrats really win the 2024 elections via the Trump administration? #H1B",2024-12-29 07:28:24+00:00,"donald trump is against illegal immigration but is in support of mass legal immigration with elon musks h1b visas

same concept different wording

dear conservatives should we be concerned

did the democrats really win the 2024 elections via the trump administration",Positive
"@ChristianHeiens So how do you feel about #VicePresidentTrump agreeing with #PresidentMusk ?

https://t.co/QBMvPOFRZ5",2024-12-29 07:28:23+00:00,so how do you feel about  agreeing with,Neutral
"Thomas. Massie needs to stop worrying about anything other than voting for Speaker Johnson. Massie is the only one with his head to his ass and won't vote for Johnson. If Massie doesn't vote for Johnson, there's no Congress, no Ratification of Donald Trump as President, any noâ€¦ https://t.co/79Fttd5ukl https://t.co/oxSDDd7tnh",2024-12-29 07:28:13+00:00,thomas massie needs to stop worrying about anything other than voting for speaker johnson massie is the only one with his head to his ass and wont vote for johnson if massie doesnt vote for johnson theres no congress no ratification of donald trump as president any no,Negative
"@a_nnaschneider Genau so ist das!! Ich kann mich noch an WÃ¼llenweber Aussage erinnern am Wahltag. "" Donald Trump schaut sehr schlecht gelaunt aus.ob das schon die Vorahnung seiner Niederlage ist ???ğŸ¤£ğŸ¤£ğŸ¤£ğŸ¤£ğŸ¤£ğŸ¤£ğŸ¤£",2024-12-29 07:28:06+00:00,genau so ist das ich kann mich noch an wÃ¼llenweber aussage erinnern am wahltag  donald trump schaut sehr schlecht gelaunt ausob das schon die vorahnung seiner niederlage ist,Neutral
"@IvankaNews_ NO, he was a traitor to Donald Trump.  He should be NO WHERE near the Oval Office",2024-12-29 07:27:57+00:00,no he was a traitor to donald trump  he should be no where near the oval office,Positive
"@malmesburyman You lose

https://t.co/kcECLfVT0W",2024-12-29 07:27:41+00:00,you lose,Neutral
"Itâ€™s wild to watch some people pretend like Elon Musk didnâ€™t put his wealth, his businesses and his freedom on the line to help elect Donald Trump and help save this country all because they donâ€™t like his position on H-1B visas. 

He bought X, he brought people back, heâ€¦ https://t.co/WFA6mik2H5",2024-12-29 07:27:39+00:00,"its wild to watch some people pretend like elon musk didnt put his wealth his businesses and his freedom on the line to help elect donald trump and help save this country all because they dont like his position on h1b visas 

he bought x he brought people back he",Positive
"@MelissaLMRogers No, Trump is talking about Canada as a distraction and he wants to make people believe heâ€™s a strong leader. Heâ€™s a fucking moron. Heâ€™s an insulting prick fuck Donald Trump.",2024-12-29 07:27:26+00:00,no trump is talking about canada as a distraction and he wants to make people believe hes a strong leader hes a fucking moron hes an insulting prick fuck donald trump,Negative
"@faureolivier TOUJOURS ET ENCORE VENIR DIRE Ã‡A SUR LE RS X, PROPRIÃ‰TÃ‰ D'ELON MUSK, 1ÃˆRE FORTUNE MONDIALE, FUTUR MINISTRE DE DONALD TRUMP ET FERVENT SUPPORTER DE SA POLITIQUE ULTRA LIBÃ‰RALE OUTRANCIÃˆRE  .. https://t.co/wRAFLleBvN",2024-12-29 07:27:20+00:00,toujours et encore venir dire Ã§a sur le rs x propriÃ©tÃ© delon musk 1Ã¨re fortune mondiale futur ministre de donald trump et fervent supporter de sa politique ultra libÃ©rale outranciÃ¨re,Neutral
"Donald Trump hat sich im Streit Ã¼ber die Nutzung des H-1B-Visums auf die Seite des MilliardÃ¤rs und Tech-Unternehmers Elon Musk gestellt.
 https://t.co/21kLhY8E45",2024-12-29 07:27:16+00:00,donald trump hat sich im streit Ã¼ber die nutzung des h1bvisums auf die seite des milliardÃ¤rs und techunternehmers elon musk gestellt,Neutral
@realTrumpNewsX Donald Trump you are a real ace in choosing women to be your wife,2024-12-29 07:26:54+00:00,donald trump you are a real ace in choosing women to be your wife,Positive
Thinking Donald Trump is for the little guy.  What a sucker. https://t.co/ydNlG66dmw,2024-12-29 07:26:54+00:00,thinking donald trump is for the little guy  what a sucker,Negative
@truthscant Donald Trump,2024-12-29 07:26:46+00:00,donald trump,Neutral
"@elonmusk ""We will follow two simple rules: Buy America and hire American."" - President Donald J. Trump",2024-12-29 07:26:44+00:00,we will follow two simple rules buy america and hire american  president donald j trump,Neutral
"Bir Ã¶nceki baÅŸkanlÄ±k dÃ¶neminde yabancÄ± iÅŸÃ§ilere verilen H1-B vizesini kaldÄ±racaÄŸÄ±nÄ± aÃ§Ä±klayan Donald Trump, yeni dÃ¶nemde H1-B vizesinin gÃ¼Ã§lenerek devam edeceÄŸini sÃ¶yledi.

ABD'li ÅŸirketler, yabancÄ± ucuz iÅŸÃ§i bulabilmek iÃ§in H1-B vizesini kullanÄ±yor. https://t.co/HRAmtgiO7K",2024-12-29 07:26:38+00:00,"bir Ã¶nceki baÅŸkanlÄ±k dÃ¶neminde yabancÄ± iÅŸÃ§ilere verilen h1b vizesini kaldÄ±racaÄŸÄ±nÄ± aÃ§Ä±klayan donald trump yeni dÃ¶nemde h1b vizesinin gÃ¼Ã§lenerek devam edeceÄŸini sÃ¶yledi

abdli ÅŸirketler yabancÄ± ucuz iÅŸÃ§i bulabilmek iÃ§in h1b vizesini kullanÄ±yor",Neutral
"[PDF/EPUB] DOWNLOAD Exonerated: The Failed Takedown of President Donald Trump by the Swamp By: Dan Bongino
Follow url below to download or read :
https://t.co/0fRc9tLoAU",2024-12-29 07:26:30+00:00,"pdfepub download exonerated the failed takedown of president donald trump by the swamp by dan bongino
follow url below to download or read",Negative
"@WajahatAli Kamala plan = throw more $ at the problem without any accountability.

If you really cared, you would have searched what  Trumpâ€™s plan for homelessness is. I bet Democrats will be fighting Trump on this every step because is about $ and not solving.

https://t.co/HmnsK9Da6N",2024-12-29 07:26:22+00:00,"kamala plan  throw more  at the problem without any accountability

if you really cared you would have searched what  trumps plan for homelessness is i bet democrats will be fighting trump on this every step because is about  and not solving",Positive
"Donald Trump had me set up at Trump Tower In Florida to protect the profits of his global ""porne"" industry.",2024-12-29 07:25:58+00:00,donald trump had me set up at trump tower in florida to protect the profits of his global porne industry,Neutral
"Despite New York Post Phone Call, Question and Answer, Donald Trump Companies Do Not Use H1B Visas https://t.co/eMDCKuV7yR",2024-12-29 07:25:55+00:00,despite new york post phone call question and answer donald trump companies do not use h1b visas,Positive
"@MyFateMyDestiny @Michell33650674 ""Stay peaceful.""
""March peacefully.""
""Respect law enforcement.""
Said by Donald Trump.   That very day.    Those EXACT WORDS.
Those statements were never brought up by the J6 kangaroo probe.  Led by evidence-shredder and war-pig lying criminal cockroach Liz Cheney and company.",2024-12-29 07:24:50+00:00,"stay peaceful
march peacefully
respect law enforcement
said by donald trump   that very day    those exact words
those statements were never brought up by the j6 kangaroo probe  led by evidenceshredder and warpig lying criminal cockroach liz cheney and company",Positive
President-elect Donald Trump told the New York Post in a phone interview that he supports immigration visas for highly skilled workers https://t.co/lXvIT74F5i,2024-12-29 07:24:46+00:00,presidentelect donald trump told the new york post in a phone interview that he supports immigration visas for highly skilled workers,Positive
tribute to Donald Trump in New York https://t.co/Pk3Gp3lfaJ via @YouTube,2024-12-29 07:24:40+00:00,tribute to donald trump in new york  via,Positive
@davincentjames Donald Trump is a traitor to that country the same like biden administration. They all represent the will of their masters not the people.,2024-12-29 07:24:40+00:00,donald trump is a traitor to that country the same like biden administration they all represent the will of their masters not the people,Neutral
@realTrumpNewsX Why don't you just kiss Donald Trump's behind her and her crooked family I don't care what she says liar just get out of the White House and SHUT UP how about that!!!!!!!!,2024-12-29 07:24:36+00:00,why dont you just kiss donald trumps behind her and her crooked family i dont care what she says liar just get out of the white house and shut up how about that,Negative
"Bitcoin may reach $150K or $400K in 2025, based on SBR and Fed rates â€” Blockware https://t.co/n2hpvykd8F",2024-12-29 07:24:33+00:00,bitcoin may reach 150k or 400k in 2025 based on sbr and fed rates  blockware,Neutral
å‡è¨­æ˜¯é€™æ¨£ï¼ŒElon Muskå°±å…·å‚™æŒ‘æˆ°Donald Trumpçš„æ¬Šåˆ©,2024-12-29 07:24:31+00:00,å‡è¨­æ˜¯é€™æ¨£elon muskå°±å…·å‚™æŒ‘æˆ°donald trumpçš„æ¬Šåˆ©,Neutral
"I'm a Democrat but I'm starting a movement to have President Biden pardon Donald J Trump. Please follow me and share this post,  let's start a movement. 

@realDonaldTrump @POTUS @elonmusk @WhiteHouse #pardontrump
@JDVance",2024-12-29 07:24:29+00:00,im a democrat but im starting a movement to have president biden pardon donald j trump please follow me and share this post  lets start a movement,Neutral
"@MAGAMattyQ But why do you need to read a fkn book? It wasnâ€™t even that long ago. And how in the world can you even forget something like this? Itâ€™s engrained in my fkg head forever. Iâ€™m going to say this one more timeâ€¦it was TRUMP who rushed it. Donald Trump, your cult leader rushed it out",2024-12-29 07:24:20+00:00,but why do you need to read a fkn book it wasnt even that long ago and how in the world can you even forget something like this its engrained in my fkg head forever im going to say this one more timeit was trump who rushed it donald trump your cult leader rushed it out,Positive
@realTrumpNewsX Millions of Australians ğŸ‡¦ğŸ‡º don't even care and we stand for President Elect Donald Trump and his beautiful team.. ğŸ‡ºğŸ‡¸,2024-12-29 07:24:18+00:00,millions of australians  dont even care and we stand for president elect donald trump and his beautiful team,Positive
@News18Kannada And Donald Trump wants to make America great again with these people from shthole.ğŸ˜‚ğŸ˜‚ğŸ˜‚,2024-12-29 07:24:08+00:00,and donald trump wants to make america great again with these people from shthole,Positive
"@bZhEnColere @guiguifawkes Oui, mais non. Câ€™est propre au droit de lâ€™Etat de NY qui considÃ¨re que la pÃ©nÃ©tration doit Ãªtre avec le pÃ©nis pour Ãªtre caractÃ©risÃ© de viol, les doigts câ€™est juste un abus sexuel (pas en ğŸ‡«ğŸ‡·) ce qui nâ€™avait pas en fait pas dâ€™impact sur le montant des DI.

https://t.co/N3JWWKjVQW",2024-12-29 07:24:03+00:00,oui mais non cest propre au droit de letat de ny qui considÃ¨re que la pÃ©nÃ©tration doit Ãªtre avec le pÃ©nis pour Ãªtre caractÃ©risÃ© de viol les doigts cest juste un abus sexuel pas en  ce qui navait pas en fait pas dimpact sur le montant des di,Neutral
"@le_monde2demain B 
Donald Trump a ABSOLUMENT RAISON",2024-12-29 07:24:02+00:00,"b 
donald trump a absolument raison",Neutral
"@bZhEnColere @guiguifawkes Non, pas 7 foisâ€¦ beaucoup, beaucoup plus.

Ils ont Ã©tÃ© les meilleurs amis pendant des annÃ©es enchaÃ®nant les femmes.

Vous ne saviez pas ?

Si quelquâ€™un a quelque chose Ã  craindre de rÃ©vÃ©lations sur cette affaire, câ€™est bien lui.

Rattrapage ğŸ‘‡
https://t.co/6vpuYaNdsB https://t.co/JuEc0Zulok",2024-12-29 07:23:57+00:00,"non pas 7 fois beaucoup beaucoup plus

ils ont Ã©tÃ© les meilleurs amis pendant des annÃ©es enchaÃ®nant les femmes

vous ne saviez pas 

si quelquun a quelque chose Ã  craindre de rÃ©vÃ©lations sur cette affaire cest bien lui

rattrapage",Neutral
"Read this important analysis by @lewis_goodall. His urgent call to action should not go unheeded. 
@campbellclaret @mrjamesob @Keir_Starmer @openDemocracy @alexhallhall https://t.co/6iH60ntxGj",2024-12-29 07:23:55+00:00,read this important analysis by  his urgent call to action should not go unheeded,Positive
"@thdivewhisperer @RonFilipkowski Well, since none of that is true  Baba, whatever the hell your name is Iâ€™ll tell you the one truth you should be talking 
Donald J Trump will be inaugurated on January 20, 2025 unless you guys try to take another shot at him for which you will pay dearly Iâ€™m sure",2024-12-29 07:23:47+00:00,"well since none of that is true  baba whatever the hell your name is ill tell you the one truth you should be talking 
donald j trump will be inaugurated on january 20 2025 unless you guys try to take another shot at him for which you will pay dearly im sure",Positive
"""I've always been in favour.."": Donald Trump affirms support for ""great"" H-1B visa programme

In a major shift from his earlier stance, Donald Trump has expressed his support for the H-1B visa programme and calling it a ""great programme,"" according to a report by New York Post. https://t.co/uPD0f6C4FR",2024-12-29 07:23:41+00:00,"ive always been in favour donald trump affirms support for great h1b visa programme

in a major shift from his earlier stance donald trump has expressed his support for the h1b visa programme and calling it a great programme according to a report by new york post",Positive
Cena de CPAC Argentina: Milei bailÃ³ al ritmo de Donald Trump https://t.co/RyqsalucaS via @YouTube,2024-12-29 07:23:14+00:00,cena de cpac argentina milei bailÃ³ al ritmo de donald trump  via,Neutral
"@JLF9999 @People4AGrnMvmt @JonHardwick98 @StVincentSt_ @CongressCleanse @birrion Greens are scared of debate.

Trump wants to protect himself from losing money and going to jail, that's it.

He is bringing tech billionaires into the cabinet so they can deregulate as much government as possible to help their various businesses.

https://t.co/Qt4cwvRBne",2024-12-29 07:23:12+00:00,"greens are scared of debate

trump wants to protect himself from losing money and going to jail thats it

he is bringing tech billionaires into the cabinet so they can deregulate as much government as possible to help their various businesses",Positive
"@persianjewess American Jews had better wake up. Yes, Donald Trump made important progress with the Jewish community in the recent election. However, most Jews are still Democrats. It is the Democrat Party, which is the vehicle that is making it possible for the proliferation of violentâ€¦ https://t.co/zgDsKgIK0n",2024-12-29 07:23:04+00:00,american jews had better wake up yes donald trump made important progress with the jewish community in the recent election however most jews are still democrats it is the democrat party which is the vehicle that is making it possible for the proliferation of violent,Positive
è½èªªé€™æ¬¡Elon Muskäº‹ä»¶å’ŒDonald Trumpä¹Ÿæœ‰é—œä¿‚,2024-12-29 07:22:48+00:00,è½èªªé€™æ¬¡elon muskäº‹ä»¶å’Œdonald trumpä¹Ÿæœ‰é—œä¿‚,Neutral
"Pres Donald Trump, JD Vance, Elon Musk, RFK, Vivek, Tulsi, Pete, Tucker, Joe Rogan, Megyn Kelly, Hannity, Laura Ing, Russel Brand all HEROES!!!!! There are more, this is just me getting startedâ€¦.",2024-12-29 07:22:41+00:00,pres donald trump jd vance elon musk rfk vivek tulsi pete tucker joe rogan megyn kelly hannity laura ing russel brand all heroes there are more this is just me getting started,Positive
"@GenFlynn @catturd2 Gaslighting Mike wants you to forget about Donald Trump holding loans from China, his daughter getting expedited patents in China   
  Trump had a fucking Chinese Commercial Bank renting a whole floor of Trump Tower, which abruptly shut down &amp; moved out when Trump lost.",2024-12-29 07:22:23+00:00,"gaslighting mike wants you to forget about donald trump holding loans from china his daughter getting expedited patents in china   
  trump had a fucking chinese commercial bank renting a whole floor of trump tower which abruptly shut down amp moved out when trump lost",Positive
@RobinUnger22 @RonFilipkowski Donald Trump doesn't pay shit!!! He ALWAYS under pays his workers.,2024-12-29 07:22:16+00:00,donald trump doesnt pay shit he always under pays his workers,Negative
"Le millardaire amÃ©ricain Elon Musk, proche du prÃ©sident Ã©lu Donald Trump, a signÃ© une tribune favorable Ã  l'AfD ans le journal allemand Die Welt. Une initiative critiquÃ©e, au point de provoquer la dÃ©mission d'une journaliste du titre de presse.
https://t.co/kDDG6ehHRW",2024-12-29 07:22:07+00:00,le millardaire amÃ©ricain elon musk proche du prÃ©sident Ã©lu donald trump a signÃ© une tribune favorable Ã  lafd ans le journal allemand die welt une initiative critiquÃ©e au point de provoquer la dÃ©mission dune journaliste du titre de presse,Neutral
"Papuashvili on Joe Wilson's invitation to Zurabishvili to attend Trump's inauguration,said:Itâ€™s strange for someone to be invited to someone else's inauguration by someone else.If Trump wanted to invite anyone I donâ€™t think he would have hesitated
https://t.co/vk1s6RV8Jb https://t.co/ZqzlCmASN6",2024-12-29 07:21:35+00:00,papuashvili on joe wilsons invitation to zurabishvili to attend trumps inaugurationsaidits strange for someone to be invited to someone elses inauguration by someone elseif trump wanted to invite anyone i dont think he would have hesitated,Negative
@TheRichFromCali The US Senate voted to acquit former President Donald Trump for the Jan. 6 event at the US Capitol. You're mixing Federal and State Law. The state still has to conduct a federal election regardless of a state level ruling. Congress can't even bring it up.,2024-12-29 07:21:35+00:00,the us senate voted to acquit former president donald trump for the jan 6 event at the us capitol youre mixing federal and state law the state still has to conduct a federal election regardless of a state level ruling congress cant even bring it up,Neutral
