Tweet,Created_at
"Elon Musk Defends H-1B Visa Program, Gains Support from President-elect Donald Trump 
@elonmusk #H1BVisa @realDonaldTrump 

https://t.co/IiyrxiMdY7",2024-12-29 07:33:59+00:00
Donald Trump je podrÅ¾ao svog najdraÅ¾eg suradnika: To je izvrstan program - https://t.co/oaKuB6u2RQ https://t.co/0HeAKHDgrG,2024-12-29 07:33:30+00:00
President-elect Donald Trump Endorses Immigration Visas for Highly Skilled Workers -Mayowa Bolaji at OGM News https://t.co/fu6UJkCdDm,2024-12-29 07:33:11+00:00
"Fear and uncertainty are spreading across many US college campuses ahead of President-elect Donald Trumpâ€™s January 20 inauguration, with some schools advising international students to return early from winter break to avoid another travel ban.  https://t.co/OiAvou2HuH",2024-12-29 07:33:05+00:00
"""Trump backs union demands to block US port automation, but will it hurt American workers in the long run? #productivity""

https://t.co/SIdgBgaFV9",2024-12-29 07:32:33+00:00
Donald Trumpâ€™s silence on this is absolutely repulsive.,2024-12-29 07:32:28+00:00
"Donald Trump's Life Story

Full Name: Donald John Trump
 Born: June 14, 1946
 Place of Birth: Queens, New York City, USA
 Parents: Frederick C. Trump (father), Mary MacLeod Trump (mother)
 Political Party: Republican
 Spouse: Ivana Trump (married 1977â€“1992), Marla Maples more.. https://t.co/B5eVSVAevR",2024-12-29 07:32:27+00:00
@Redismybae Me and Donald Trump and Elon Musk,2024-12-29 07:32:24+00:00
"@realTrumpNewsX If anyone should be investigated, it should be Barack Obama and his involvement in all those schemes those dishonest traitor schemes to try to bring down Donald Trump and America!",2024-12-29 07:32:23+00:00
@TheBabylonBee Apparently when Hillary Clinton lost to Donald Trump she said she spent the whole day in bed drinking  RED wine,2024-12-29 07:32:08+00:00
This is from one of Norways biggest newspapers today.. it is all about how Trump is acting like Putin. We really see Trump as a global threat. Donald Trump is disqualified according to the constitution so will Congress respect the constitution??? https://t.co/KSCXFyojPP,2024-12-29 07:31:59+00:00
"Esto me recuerda a...
https://t.co/FBMTow8wAX",2024-12-29 07:31:55+00:00
"@xxamericanaxx Deep state is own deep paranoia!
Why did Donald Trump ask for immunity? 
Why did Donald Trump pick JD Vance instead of Mike Pence as vice president?

Massive criminal cover-up continues!",2024-12-29 07:31:44+00:00
"@LexLitzen Is Jack White a veteran?  I am, and I voted for Donald Trump.",2024-12-29 07:31:39+00:00
@naiisbraincells @paganjericho @ttvastwa @DropPopNet @iamstillpunch @azealiaslacewig Bitch donald Trump aint the only Donald on planet earth,2024-12-29 07:31:35+00:00
Donald Trump only cares about his own profit.,2024-12-29 07:31:35+00:00
"@DC_Draino Thank you Very Very much brother Vivek Ramaswamy...
And to you Mr Musk &amp; Donald Trump!
Together we will Take American Jobs Again! https://t.co/FKsmuHvzi1",2024-12-29 07:31:32+00:00
I was glad to read that Donald Trump will be impeached by his own Republicans if he is stupid enough to stop the funding for Ukraine. Trump will have committed a high crime that the GOP can't ignore. Yes Trump will be removed in 2025. #MAGACultMorons https://t.co/3pgbmlx7Cu,2024-12-29 07:31:31+00:00
"@Cointelegraph Crypto mining firm Blockware Solutions has projected that Bitcoin's price could range between $150,000 and $400,000 by 2025, influenced by factors such as President-elect Donald Trump's proposed Strategic Bitcoin Reserve (SBR) and the Federal Reserve's monetary policies.",2024-12-29 07:31:24+00:00
"Honourable shree Biden -honourable shree Modi's bond and the return of friend  honourable Trump; How have India-US relations fared in 2024?.
https://t.co/FAIAvFnI0Z via NaMo App https://t.co/7MpWWCuOi4",2024-12-29 07:31:23+00:00
"@realTrumpNewsX Barack Obama. Is a total disrespect to our country. He is a Marxist traitor, a slimy sneaky underhanded, manipulator, the opposite of a Democrat or being democratic probably committed crimes against America if he was involved in trying to bring down Donald Trump and America.",2024-12-29 07:31:20+00:00
"El prÃ³ximo 20 de Enero Donald Trump tomarÃ¡ posesiÃ³n de su cargo de presidente de USA. Dice Elon Musk que la democracia sin libertad de expresiÃ³n y censura de medios de comunicaciÃ³n es una ilusiÃ³n, porque los votantes no pueden tener un voto informado. Venezuela es un ejemplo. https://t.co/navexZYijl",2024-12-29 07:31:14+00:00
"@house_of_trad In this video, Donald Trump reveals his powerful journey, his deep connection with God, and how God saved himâ€”his messages will surprise you!
https://t.co/dpmOcY8sGE",2024-12-29 07:31:06+00:00
"Donald Trump, yabancÄ± iÅŸÃ§i alÄ±nÄ±mÄ±na destek vereceÄŸini aÃ§Ä±kladÄ± 

ğŸ”´Donald Trump, ABDâ€™ye H1-B vizesiyle yabancÄ± iÅŸÃ§i alÄ±nÄ±mÄ±na destek vereceÄŸini kamuoyuna duyurdu.

https://t.co/6mmGiBqFiZ https://t.co/gHFnRV0C8a",2024-12-29 07:31:04+00:00
@Forbes It doesn't have anything to do with accepted but I'm running with it. Maricopa county where they have stolen the elections from Kerry lake again where Donald Trump accused them of stealing elections in 2020 I see elections being stolen by the Democrats. Cheating they cheated stop,2024-12-29 07:31:02+00:00
Why would a successful businessman or woman want to get involved with bankrupt grifter Donald Trump and the unseemly Trump Org. or anyone in the Trump crime family leaching off the tacky Mar-a-Lago club?,2024-12-29 07:30:50+00:00
"Donald Trump visits local grocery store in Kittanning, PA (Sept. 23, 2024) https://t.co/LffnwCLvv6 via @YouTube Hear between 0:02:15 and 0:02:30 ""That's why, I want to see you as a dead f#cking person."" @realDonaldTrump @CIA @FBI @DHSgov @USArmy",2024-12-29 07:30:47+00:00
"@GeorgeHclownwrl @jennuhdordie Choose me, Talking Ben, for president. Donald Trump already fucked up",2024-12-29 07:30:38+00:00
"Only then can you make the new year truly your year.
Least I forget, Donald Trump's inauguration is coming up on January 20th 2025, and he will be making categorical statement that will affect the market.",2024-12-29 07:30:38+00:00
"Donald Trump asks Supreme Court to delay TikTok ban
https://t.co/8rDRRvSFOk",2024-12-29 07:30:36+00:00
"When Donald Trump Jr. and Richard Grenell stood with the Pakistani people, the world saw for the first time this lovely sight that the Pakistani people love America.
@RichardGrenell @elonmusk https://t.co/eAfsnj85Pr",2024-12-29 07:30:33+00:00
"La inversiÃ³n en 2025: el aÃ±o del poder absoluto de Donald Trump
https://t.co/aF5P8juosr",2024-12-29 07:30:31+00:00
@robertcobrien @realDonaldTrump Donald Trump canâ€™t defend his diapers from his incessant shit. How could he possibly defend Greenland from attack?,2024-12-29 07:30:29+00:00
"ğŸš¨ LATEST: Crypto mining firm Blockware forecasts #Bitcoin may reach $150K or $400K in 2025, based on Donald Trumpâ€™s Strategic Bitcoin Reserve plan and Fed rates. https://t.co/CY9NWz1sJZ",2024-12-29 07:30:28+00:00
"@ProudElephantUS WHY in the world would Bill Gates have anything to do with the likes of Donald Trump? ğŸ¤”ğŸ§
Bill Gates earned his money. ğŸ˜‰",2024-12-29 07:30:25+00:00
@NancyMacesPenis @JohnnyVomits @JakinsNaomi @Shittingontrump @_johnnymaga Melania immediately after having to spend any time at Donald Trump's side. https://t.co/rQKtZyzRH7,2024-12-29 07:30:23+00:00
"NEW YORK POST opinion is not Donald J Trump,
progressive narrative https://t.co/OrtJ3qvYBN",2024-12-29 07:30:14+00:00
"In a major shift from his earlier stance, Donald Trump has expressed his support for the H-1B visa programme and acknowledged frequently using it for his own properties, calling it a ""great programme,"" according to a report by New York Post.

https://t.co/uTOqLK5CNH",2024-12-29 07:30:12+00:00
@heywildrich This is America dude. Donald Trump is President.,2024-12-29 07:30:12+00:00
ğŸš¨LIVE! GB News sacks presenters before Christmas + Will Donald Trump BAN... https://t.co/VtPWFWa3gk via @YouTube OFCOMmunist strike again. Soon there will be no one in GBNEWS to look at. That's the WEF puppets plan. Cancel any opposition to their rule.,2024-12-29 07:30:10+00:00
"Donald Trump dives into the H-1B visa debate, stirring up the GOP! ğŸ¤”ğŸ’¼ Meanwhile, Elon Musk is in the mix too! What do you think about this immigration showdown? ğŸŒğŸ—£ï¸",2024-12-29 07:30:06+00:00
"J&amp;K: #Train journey with #Breathtaking #views of #PirPanjal; #Katra-#Reasi #RailLink gets ready, watch! | ğŸ”´ Catch the day's latest news here â  https://t.co/db9yIY4BOr ğŸ—ï¸ https://t.co/hQuMclIB8z",2024-12-29 07:30:00+00:00
@IRIran_Military That is exactly what the USA wants.  Everyone get close together so we can wipe you all. There's a new sheriff in town... and his name is Donald Trump.,2024-12-29 07:29:58+00:00
"Bir Ã¶nceki baÅŸkanlÄ±k dÃ¶neminde yabancÄ± iÅŸÃ§ilere verilen H1-B vizesini kaldÄ±racaÄŸÄ±nÄ± aÃ§Ä±klayan Donald Trump, yeni dÃ¶nemde H1-B vizesinin gÃ¼Ã§lenerek devam edeceÄŸini sÃ¶yledi.

ABD'li ÅŸirketler, yabancÄ± ucuz iÅŸÃ§i bulabilmek iÃ§in H1-B vizesini kullanÄ±yor. https://t.co/rYVU3GWZOV",2024-12-29 07:29:50+00:00
"@horst88981 @Cdanslair @CorentinSellin Donald #Trump is a JOKE ğŸ‡·ğŸ‡ºğŸ¤¡ by Don Winslow
https://t.co/bpiVZ85fRX",2024-12-29 07:29:25+00:00
@KashPatelX Yes absofuckinlutly right I do agree with my president Donald Trump and Kash Patel,2024-12-29 07:29:18+00:00
"Lautstarker Streit im Trump-Team.ğŸ˜ƒğŸ‘
â¡ï¸ Musk fordert weitere Einwanderung in die USA und droht mit ""Krieg"" â˜ ï¸ 
â¡ï¸ Trump dreht um 180 Grad auf die Seite von Kumpel Musk und Steve Bannon nennt Musk eine ungezogene GÃ¶re ğŸ˜ https://t.co/TsJ3bGRa0L",2024-12-29 07:29:10+00:00
I think Donald trump is crazy if he donâ€™t believe in climate change https://t.co/iz4wIXp5aN,2024-12-29 07:29:03+00:00
"ğŸ‡±ğŸ‡·EE.UU. MANDA MALAS NOTICIAS.. PARA.. CHINAğŸ‡¨ğŸ‡³.. CANADAğŸ‡¨ğŸ‡¦. Y MÃ‰XICOğŸ‡²ğŸ‡½. 

La aplicaciÃ³n de los planes del presidente electo Donald Trump de aumentar aranceles sobre los bienes importados de "" CANADÃ "" a  ""MÃ‰XICO "" Y "" CHINA"" reducirÃ¡ el PIB mundial en un.. https://t.co/YNd6HpZten",2024-12-29 07:28:53+00:00
"@HollowAfro @ChristianHeiens Why would they apologize when they own Trump?

https://t.co/QBMvPOFRZ5",2024-12-29 07:28:49+00:00
Donald Trump pays the foreign workers penny's on the dollar with no health insurance and can deport  them if they complain. https://t.co/64qGzHzhPC,2024-12-29 07:28:43+00:00
Donald Trump publie dans Truth Social un message privÃ© destinÃ© Ã  Elon Musk | JDM https://t.co/lG1U2f0f4o,2024-12-29 07:28:41+00:00
"Donald Trump is against illegal immigration but is in support of MASS legal Immigration with Elon Musk's H1B visas.

Same concept, different wording.

Dear conservatives, should we be concerned?

Did the Democrats really win the 2024 elections via the Trump administration? #H1B",2024-12-29 07:28:24+00:00
"@ChristianHeiens So how do you feel about #VicePresidentTrump agreeing with #PresidentMusk ?

https://t.co/QBMvPOFRZ5",2024-12-29 07:28:23+00:00
"Thomas. Massie needs to stop worrying about anything other than voting for Speaker Johnson. Massie is the only one with his head to his ass and won't vote for Johnson. If Massie doesn't vote for Johnson, there's no Congress, no Ratification of Donald Trump as President, any noâ€¦ https://t.co/79Fttd5ukl https://t.co/oxSDDd7tnh",2024-12-29 07:28:13+00:00
"@a_nnaschneider Genau so ist das!! Ich kann mich noch an WÃ¼llenweber Aussage erinnern am Wahltag. "" Donald Trump schaut sehr schlecht gelaunt aus.ob das schon die Vorahnung seiner Niederlage ist ???ğŸ¤£ğŸ¤£ğŸ¤£ğŸ¤£ğŸ¤£ğŸ¤£ğŸ¤£",2024-12-29 07:28:06+00:00
"@IvankaNews_ NO, he was a traitor to Donald Trump.  He should be NO WHERE near the Oval Office",2024-12-29 07:27:57+00:00
"@malmesburyman You lose

https://t.co/kcECLfVT0W",2024-12-29 07:27:41+00:00
"Itâ€™s wild to watch some people pretend like Elon Musk didnâ€™t put his wealth, his businesses and his freedom on the line to help elect Donald Trump and help save this country all because they donâ€™t like his position on H-1B visas. 

He bought X, he brought people back, heâ€¦ https://t.co/WFA6mik2H5",2024-12-29 07:27:39+00:00
"@MelissaLMRogers No, Trump is talking about Canada as a distraction and he wants to make people believe heâ€™s a strong leader. Heâ€™s a fucking moron. Heâ€™s an insulting prick fuck Donald Trump.",2024-12-29 07:27:26+00:00
"@faureolivier TOUJOURS ET ENCORE VENIR DIRE Ã‡A SUR LE RS X, PROPRIÃ‰TÃ‰ D'ELON MUSK, 1ÃˆRE FORTUNE MONDIALE, FUTUR MINISTRE DE DONALD TRUMP ET FERVENT SUPPORTER DE SA POLITIQUE ULTRA LIBÃ‰RALE OUTRANCIÃˆRE  .. https://t.co/wRAFLleBvN",2024-12-29 07:27:20+00:00
"Donald Trump hat sich im Streit Ã¼ber die Nutzung des H-1B-Visums auf die Seite des MilliardÃ¤rs und Tech-Unternehmers Elon Musk gestellt.
 https://t.co/21kLhY8E45",2024-12-29 07:27:16+00:00
@realTrumpNewsX Donald Trump you are a real ace in choosing women to be your wife,2024-12-29 07:26:54+00:00
Thinking Donald Trump is for the little guy.  What a sucker. https://t.co/ydNlG66dmw,2024-12-29 07:26:54+00:00
@truthscant Donald Trump,2024-12-29 07:26:46+00:00
"@elonmusk ""We will follow two simple rules: Buy America and hire American."" - President Donald J. Trump",2024-12-29 07:26:44+00:00
"Bir Ã¶nceki baÅŸkanlÄ±k dÃ¶neminde yabancÄ± iÅŸÃ§ilere verilen H1-B vizesini kaldÄ±racaÄŸÄ±nÄ± aÃ§Ä±klayan Donald Trump, yeni dÃ¶nemde H1-B vizesinin gÃ¼Ã§lenerek devam edeceÄŸini sÃ¶yledi.

ABD'li ÅŸirketler, yabancÄ± ucuz iÅŸÃ§i bulabilmek iÃ§in H1-B vizesini kullanÄ±yor. https://t.co/HRAmtgiO7K",2024-12-29 07:26:38+00:00
"[PDF/EPUB] DOWNLOAD Exonerated: The Failed Takedown of President Donald Trump by the Swamp By: Dan Bongino
Follow url below to download or read :
https://t.co/0fRc9tLoAU",2024-12-29 07:26:30+00:00
"@WajahatAli Kamala plan = throw more $ at the problem without any accountability.

If you really cared, you would have searched what  Trumpâ€™s plan for homelessness is. I bet Democrats will be fighting Trump on this every step because is about $ and not solving.

https://t.co/HmnsK9Da6N",2024-12-29 07:26:22+00:00
"Donald Trump had me set up at Trump Tower In Florida to protect the profits of his global ""porne"" industry.",2024-12-29 07:25:58+00:00
"Despite New York Post Phone Call, Question and Answer, Donald Trump Companies Do Not Use H1B Visas https://t.co/eMDCKuV7yR",2024-12-29 07:25:55+00:00
"@MyFateMyDestiny @Michell33650674 ""Stay peaceful.""
""March peacefully.""
""Respect law enforcement.""
Said by Donald Trump.   That very day.    Those EXACT WORDS.
Those statements were never brought up by the J6 kangaroo probe.  Led by evidence-shredder and war-pig lying criminal cockroach Liz Cheney and company.",2024-12-29 07:24:50+00:00
President-elect Donald Trump told the New York Post in a phone interview that he supports immigration visas for highly skilled workers https://t.co/lXvIT74F5i,2024-12-29 07:24:46+00:00
tribute to Donald Trump in New York https://t.co/Pk3Gp3lfaJ via @YouTube,2024-12-29 07:24:40+00:00
@davincentjames Donald Trump is a traitor to that country the same like biden administration. They all represent the will of their masters not the people.,2024-12-29 07:24:40+00:00
@realTrumpNewsX Why don't you just kiss Donald Trump's behind her and her crooked family I don't care what she says liar just get out of the White House and SHUT UP how about that!!!!!!!!,2024-12-29 07:24:36+00:00
"Bitcoin may reach $150K or $400K in 2025, based on SBR and Fed rates â€” Blockware https://t.co/n2hpvykd8F",2024-12-29 07:24:33+00:00
å‡è¨­æ˜¯é€™æ¨£ï¼ŒElon Muskå°±å…·å‚™æŒ‘æˆ°Donald Trumpçš„æ¬Šåˆ©,2024-12-29 07:24:31+00:00
"I'm a Democrat but I'm starting a movement to have President Biden pardon Donald J Trump. Please follow me and share this post,  let's start a movement. 

@realDonaldTrump @POTUS @elonmusk @WhiteHouse #pardontrump
@JDVance",2024-12-29 07:24:29+00:00
"@MAGAMattyQ But why do you need to read a fkn book? It wasnâ€™t even that long ago. And how in the world can you even forget something like this? Itâ€™s engrained in my fkg head forever. Iâ€™m going to say this one more timeâ€¦it was TRUMP who rushed it. Donald Trump, your cult leader rushed it out",2024-12-29 07:24:20+00:00
@375NorseLegend @davegreenidge57 https://t.co/7k81Ae5UjL,2024-12-29 07:24:20+00:00
@realTrumpNewsX Millions of Australians ğŸ‡¦ğŸ‡º don't even care and we stand for President Elect Donald Trump and his beautiful team.. ğŸ‡ºğŸ‡¸,2024-12-29 07:24:18+00:00
@News18Kannada And Donald Trump wants to make America great again with these people from shthole.ğŸ˜‚ğŸ˜‚ğŸ˜‚,2024-12-29 07:24:08+00:00
"@bZhEnColere @guiguifawkes Oui, mais non. Câ€™est propre au droit de lâ€™Etat de NY qui considÃ¨re que la pÃ©nÃ©tration doit Ãªtre avec le pÃ©nis pour Ãªtre caractÃ©risÃ© de viol, les doigts câ€™est juste un abus sexuel (pas en ğŸ‡«ğŸ‡·) ce qui nâ€™avait pas en fait pas dâ€™impact sur le montant des DI.

https://t.co/N3JWWKjVQW",2024-12-29 07:24:03+00:00
"@le_monde2demain B 
Donald Trump a ABSOLUMENT RAISON",2024-12-29 07:24:02+00:00
"@bZhEnColere @guiguifawkes Non, pas 7 foisâ€¦ beaucoup, beaucoup plus.

Ils ont Ã©tÃ© les meilleurs amis pendant des annÃ©es enchaÃ®nant les femmes.

Vous ne saviez pas ?

Si quelquâ€™un a quelque chose Ã  craindre de rÃ©vÃ©lations sur cette affaire, câ€™est bien lui.

Rattrapage ğŸ‘‡
https://t.co/6vpuYaNdsB https://t.co/JuEc0Zulok",2024-12-29 07:23:57+00:00
"Read this important analysis by @lewis_goodall. His urgent call to action should not go unheeded. 
@campbellclaret @mrjamesob @Keir_Starmer @openDemocracy @alexhallhall https://t.co/6iH60ntxGj",2024-12-29 07:23:55+00:00
"@thdivewhisperer @RonFilipkowski Well, since none of that is true  Baba, whatever the hell your name is Iâ€™ll tell you the one truth you should be talking 
Donald J Trump will be inaugurated on January 20, 2025 unless you guys try to take another shot at him for which you will pay dearly Iâ€™m sure",2024-12-29 07:23:47+00:00
"""I've always been in favour.."": Donald Trump affirms support for ""great"" H-1B visa programme

In a major shift from his earlier stance, Donald Trump has expressed his support for the H-1B visa programme and calling it a ""great programme,"" according to a report by New York Post. https://t.co/uPD0f6C4FR",2024-12-29 07:23:41+00:00
Cena de CPAC Argentina: Milei bailÃ³ al ritmo de Donald Trump https://t.co/RyqsalucaS via @YouTube,2024-12-29 07:23:14+00:00
"@JLF9999 @People4AGrnMvmt @JonHardwick98 @StVincentSt_ @CongressCleanse @birrion Greens are scared of debate.

Trump wants to protect himself from losing money and going to jail, that's it.

He is bringing tech billionaires into the cabinet so they can deregulate as much government as possible to help their various businesses.

https://t.co/Qt4cwvRBne",2024-12-29 07:23:12+00:00
"@persianjewess American Jews had better wake up. Yes, Donald Trump made important progress with the Jewish community in the recent election. However, most Jews are still Democrats. It is the Democrat Party, which is the vehicle that is making it possible for the proliferation of violentâ€¦ https://t.co/zgDsKgIK0n",2024-12-29 07:23:04+00:00
è½èªªé€™æ¬¡Elon Muskäº‹ä»¶å’ŒDonald Trumpä¹Ÿæœ‰é—œä¿‚,2024-12-29 07:22:48+00:00
"Pres Donald Trump, JD Vance, Elon Musk, RFK, Vivek, Tulsi, Pete, Tucker, Joe Rogan, Megyn Kelly, Hannity, Laura Ing, Russel Brand all HEROES!!!!! There are more, this is just me getting startedâ€¦.",2024-12-29 07:22:41+00:00
"@GenFlynn @catturd2 Gaslighting Mike wants you to forget about Donald Trump holding loans from China, his daughter getting expedited patents in China   
  Trump had a fucking Chinese Commercial Bank renting a whole floor of Trump Tower, which abruptly shut down &amp; moved out when Trump lost.",2024-12-29 07:22:23+00:00
@RobinUnger22 @RonFilipkowski Donald Trump doesn't pay shit!!! He ALWAYS under pays his workers.,2024-12-29 07:22:16+00:00
@JonDickson80071 @davegreenidge57 https://t.co/7k81Ae5UjL,2024-12-29 07:22:14+00:00
"Le millardaire amÃ©ricain Elon Musk, proche du prÃ©sident Ã©lu Donald Trump, a signÃ© une tribune favorable Ã  l'AfD ans le journal allemand Die Welt. Une initiative critiquÃ©e, au point de provoquer la dÃ©mission d'une journaliste du titre de presse.
https://t.co/kDDG6ehHRW",2024-12-29 07:22:07+00:00
"Papuashvili on Joe Wilson's invitation to Zurabishvili to attend Trump's inauguration,said:Itâ€™s strange for someone to be invited to someone else's inauguration by someone else.If Trump wanted to invite anyone I donâ€™t think he would have hesitated
https://t.co/vk1s6RV8Jb https://t.co/ZqzlCmASN6",2024-12-29 07:21:35+00:00
@TheRichFromCali The US Senate voted to acquit former President Donald Trump for the Jan. 6 event at the US Capitol. You're mixing Federal and State Law. The state still has to conduct a federal election regardless of a state level ruling. Congress can't even bring it up.,2024-12-29 07:21:35+00:00
